Top queries,Clicks,Impressions,CTR,Position
μοσχοπουλος οδοντιατρος,2,41,4.88%,4.83
dentplant,2,7,28.57%,7.57
μοσχοπουλοσ οδοντιατροσ,1,54,1.85%,4.02
orthodontikos,1,1,100%,4
μοσχοπουλοσ αντωνησ οδοντιατροσ,0,36,0%,5.19
μοσχοπουλος,0,14,0%,7.14
αντωνησ μοσχοπουλοσ οδοντιατροσ,0,13,0%,5
οδοντίατροι κοντά μου,0,10,0%,3.8
οδοντιατροσ κοντα μου,0,7,0%,3.14
περιοδοντολογοσ,0,7,0%,5.29
εμφυτευματα αθηνα,0,7,0%,74.29
αγγελου οδοντιατροσ,0,6,0%,12.17
οδοντιατροσ παλαιο φαληρο,0,6,0%,18.67
μοσχοπουλοσ,0,5,0%,5.6
εμφυτευματα,0,4,0%,4
implant clinic,0,4,0%,7.5
βασω νταβαρη,0,4,0%,9.25
οδοντιατροι παλαιο φαληρο,0,4,0%,14.25
οδοντιατροι νεα σμυρνη,0,4,0%,47.5
moshopoulos,0,3,0%,7.33
οδοντιατρος παλαιο φαληρο,0,3,0%,8.33
"-site:facebook.com -site:fb.me -site:youtube.com -site:youtu.be 
-site:youtube.be -site:twitter.com -site:instagram.com -site:tiktok.com 
-site:vm.tiktok.com -site:t.co -site:x.com -site:reddit.com ""metropolitan"" 
+""hospital""",0,3,0%,9.67
ανθρωπινο οστικο μοσχευμα,0,3,0%,54.33
αθηνα αγγελη οδοντιατροσ,0,2,0%,1
angelo dentist,0,2,0%,2.5
οδοντιατρος κοντα μου,0,2,0%,2.5
οδοντίατρος,0,2,0%,5
οδοντιατρικη με μεθη,0,2,0%,38.5
is clinical,0,2,0%,60
dentist metropolitan,0,1,0%,2
dentist near me dental clinic,0,1,0%,2
αγγελοσ μοσχοβασ,0,1,0%,2
αγγελου δημητρησ οδοντιατροσ,0,1,0%,2
παλαιο φαληρο,0,1,0%,2
doctors near me,0,1,0%,5
zahnarzt,0,1,0%,5
οδοντίατροσ,0,1,0%,5
οδοντιατροσ,0,1,0%,5
οδοντιατρος νεα σμυρνη,0,1,0%,7
περιοδοντολογος,0,1,0%,8
teeth whitening,0,1,0%,9
dentist dental clinic,0,1,0%,10
οδοντικά εμφυτεύματα,0,1,0%,10
εμφυτευματα δοντιων υλικο,0,1,0%,12
μινι εμφυτευματα δοντιων τιμεσ,0,1,0%,22
παλαιό φάληρο,0,1,0%,25
therapies,0,1,0%,39
allon4 αθηνα,0,1,0%,44
all on 4 εμφυτευματα,0,1,0%,57
οστικό μόσχευμα μαρούσι,0,1,0%,58
οδοντικα εμφυτευματα αθηνα,0,1,0%,61
αύξηση οστού μαρούσι,0,1,0%,62
ποσο κοστιζει ενα οδοντικο εμφυτευμα,0,1,0%,66
εμφυτεύματα αθήνα,0,1,0%,69
αύξηση οστού,0,1,0%,84
οδοντικά εμφυτεύματα αθήνα,0,1,0%,98